{"sections":{"breadcrumbs":{"type":"breadcrumbs","settings":{}},"template-header":{"type":"template-header","settings":{"show_collection_description":true,"show_subcollections":true,"color_subcollection_bg":"#ffffff","color_subcollection_text":"#303c43","display_description":true}},"product-grid":{"type":"main-collection-product-grid","settings":{"products_per_page":12,"columns_desktop":4,"pagination_type":"paginated","enable_filtering":true,"enable_sorting":true,"show_counts":true,"facets_desktop":"sidebar"}},"9e57bc14-72e8-48b3-81d3-9b209e520fd0":{"type":"media-grid","blocks":{"template--17918041260314__9e57bc14-72e8-48b3-81d3-9b209e520fd0-1678353048d7c75c7a-0":{"type":"media","settings":{"slide_link":"","use_video":false,"video_autoplay":true,"column":2,"row":1,"subheading":"","heading":"Media grid\nHeading","heading_size":"h3","button_text":"Learn more","button_link":"","content_position":"bottom-left","text_alignment":"left","color_bg":"#ffffff","color_bg_gradient":"","color_text":"#ffffff","color_link":"#ffffff","overlay_color":"#000000","overlay_opacity":20}},"template--17918041260314__9e57bc14-72e8-48b3-81d3-9b209e520fd0-1678353048d7c75c7a-1":{"type":"media","settings":{"slide_link":"","use_video":false,"video_autoplay":true,"column":2,"row":1,"subheading":"","heading":"Media grid\nHeading","heading_size":"h3","button_text":"Learn more","button_link":"","content_position":"bottom-left","text_alignment":"left","color_bg":"#ffffff","color_bg_gradient":"","color_text":"#ffffff","color_link":"#ffffff","overlay_color":"#000000","overlay_opacity":15}}},"block_order":["template--17918041260314__9e57bc14-72e8-48b3-81d3-9b209e520fd0-1678353048d7c75c7a-0","template--17918041260314__9e57bc14-72e8-48b3-81d3-9b209e520fd0-1678353048d7c75c7a-1"],"settings":{"desktop_height":300,"mobile_height":250,"column_spacing":"large","color_bg":"#ffffff","color_text":"#ffffff","color_link":"#3f72e5","disable_top_spacing":true,"disable_bottom_spacing":true}},"a923b0af-87bd-4fac-ac50-7c5ad000c0d0":{"type":"rich-text","blocks":{"template--17918041260314__a923b0af-87bd-4fac-ac50-7c5ad000c0d0-16783546709e4eefff-1":{"type":"heading","settings":{"text":"Use it to add SEO text","marker_style":"style1","size":"h4","marker_color":"#FD6262"}},"template--17918041260314__a923b0af-87bd-4fac-ac50-7c5ad000c0d0-16783546709e4eefff-2":{"type":"text","settings":{"text":"<p>Due to high demand, occasionally some of our products do go out of stock. We are constantly monitoring our stock levels, and we usually expect to replenish any product line within a couple of weeks. If you have placed a pre-order for an item that is out of stock and it looks like it will take longer than expected to get it to you.<\/p>","size":"text-size-small"}}},"block_order":["template--17918041260314__a923b0af-87bd-4fac-ac50-7c5ad000c0d0-16783546709e4eefff-1","template--17918041260314__a923b0af-87bd-4fac-ac50-7c5ad000c0d0-16783546709e4eefff-2"],"settings":{"text_width":"large","text_position":"center","text_alignment":"center","color_bg":"rgba(0,0,0,0)","color_heading":"#252f35","color_text":"#303c43","color_links":"#3f72e5","disable_top_spacing":false,"disable_bottom_spacing":false}}},"order":["breadcrumbs","template-header","product-grid","9e57bc14-72e8-48b3-81d3-9b209e520fd0","a923b0af-87bd-4fac-ac50-7c5ad000c0d0"]}