{"sections":{"8ba47ba3-de7f-4f0a-b30d-6f2a540748c3":{"type":"slideshow","blocks":{"template--17993467625754__8ba47ba3-de7f-4f0a-b30d-6f2a540748c3-16787035832bb7b6a4-0":{"type":"slide","settings":{"slide_link":"","video_background":false,"badge_text":"Look Exclusive","subheading":"","heading":"Winter Collection","heading_size":"h1","content":"Bridging the gap between high fashion and everyday wear.","description_size":"large","content_position":"bottom-left","text_alignment":"left","content_size":"large","color_slidebg":"rgba(0,0,0,0)","color_slidebg_opacity":0,"color_slidebg_blur":0,"color_text":"#ffffff","color_badge_bg":"#404cb7","color_badge_text":"#ffffff","overlay_color":"#000000","overlay_opacity":0,"overlay_gradient":"","button_1_text":"Shop collection","button_1_color":"white","use_text_button_1":false,"button_2_text":"","button_2_color":"white","button_2_link":"","use_text_button_2":false}},"d07c1654-8a0a-454c-96cd-e18103e56f47":{"type":"slide","settings":{"slide_link":"","badge_text":"","subheading":"New year","heading":"Up to 20% Off","heading_size":"h1","content":"Add descriptive text for your slide here.","description_size":"large","content_position":"bottom-left","text_alignment":"left","content_size":"large","color_slidebg":"rgba(0,0,0,0)","color_slidebg_opacity":0,"color_slidebg_blur":0,"color_text":"#ffffff","color_badge_bg":"#e53f5c","color_badge_text":"#ffffff","overlay_color":"#000000","overlay_opacity":0,"overlay_gradient":"linear-gradient(180deg, rgba(0, 0, 0, 0.06) 78%, rgba(0, 0, 0, 0.7) 100%)","button_1_text":"Shop Men","button_1_color":"white","button_1_link":"","use_text_button_1":false,"button_2_text":"Shop Women","button_2_color":"white","use_text_button_2":false}},"template--17993467625754__8ba47ba3-de7f-4f0a-b30d-6f2a540748c3-16787035832bb7b6a4-1":{"type":"slide","settings":{"slide_link":"","video_background":false,"badge_text":"","subheading":"","heading":"Winter Joys","heading_size":"h3","content":"With us, it’s always a winter day dream.","description_size":"large","content_position":"bottom-left","text_alignment":"left","content_size":"large","color_slidebg":"rgba(0,0,0,0)","color_slidebg_opacity":0,"color_slidebg_blur":0,"color_text":"#ffffff","color_badge_bg":"#404cb7","color_badge_text":"#ffffff","overlay_color":"#000000","overlay_opacity":7,"overlay_gradient":"","button_1_text":"Shop Now","button_1_color":"white","use_text_button_1":false,"button_2_text":"","button_2_color":"white","button_2_link":"","use_text_button_2":false}}},"block_order":["template--17993467625754__8ba47ba3-de7f-4f0a-b30d-6f2a540748c3-16787035832bb7b6a4-0","d07c1654-8a0a-454c-96cd-e18103e56f47","template--17993467625754__8ba47ba3-de7f-4f0a-b30d-6f2a540748c3-16787035832bb7b6a4-1"],"custom_css":[".slideshow__slide h1 {font-size: 72px; line-height: 78px;}"],"settings":{"desktop_height":"desktop-height-750","mobile_height":"mobile-height-500","full_width":true,"autoplay":true,"autoplay_length":5,"transition":"slide","controls":"arrows","disable_top_spacing":true,"disable_bottom_spacing":true}},"28187bbf-105a-4bc5-ac2b-a88efe04d8ab":{"type":"scrolling-text","blocks":{"template--14745674514490__28187bbf-105a-4bc5-ac2b-a88efe04d8ab-text-1":{"type":"text","settings":{"text":"Returns extended to 30 days","link":"","outline_text":false}},"template--14745674514490__28187bbf-105a-4bc5-ac2b-a88efe04d8ab-text-2":{"type":"text","settings":{"text":"Returns extended to 30 days","link":"","outline_text":false}},"template--14745674514490__28187bbf-105a-4bc5-ac2b-a88efe04d8ab-text-3":{"type":"text","settings":{"text":"Returns extended to 30 days","link":"","outline_text":false}}},"block_order":["template--14745674514490__28187bbf-105a-4bc5-ac2b-a88efe04d8ab-text-1","template--14745674514490__28187bbf-105a-4bc5-ac2b-a88efe04d8ab-text-2","template--14745674514490__28187bbf-105a-4bc5-ac2b-a88efe04d8ab-text-3"],"custom_css":[".scrolling-text--inner {font-weight: 400; padding: 12px 0;}"],"settings":{"height":"height-auto","full_width":true,"direction":"left","speed":"50s","rotation":0,"negative_rotation":false,"font_family":"body","text_size":20,"text_uppercase":false,"image_size":"small","color_bg":"rgba(0,0,0,0)","color_text":"#35393d","overlay_color":"#000000","overlay_opacity":0,"disable_top_spacing":true,"disable_bottom_spacing":true}},"8670c6b1-68f6-405f-bfff-2c6ff1e89099":{"type":"spacer","settings":{"spacer_mobile":0,"spacer_desktop":0,"border_separator":true,"border_separator_full":true}},"fe53684d-3653-4c6c-a359-eb749f580c02":{"type":"featured-collection","settings":{"heading":"Shop |our favorites|","marker_style":"style1","description":"","collection":"under-500","display_type":"grid","product_limit":4,"columns_desktop":4,"show_view_all":true,"mobile_swipe":true,"show_progress_bar":true,"marker_color":"#ffb629","disable_top_spacing":false,"disable_bottom_spacing":true}},"525fbfff-9af6-4521-b565-3ef704fa48c4":{"type":"spacer","settings":{"spacer_mobile":20,"spacer_desktop":35,"border_separator":false,"border_separator_full":false}},"72e87ca9-5727-4a4b-a717-7edcadc516cb":{"type":"countdown-banner","settings":{"full_width":false,"section_layout":"horizontal","desktop_height":"desktop-height-auto","mobile_height":"mobile-height-auto","subheading":"","heading":"Winter sale","heading_size":"h2","content":"","content_size":"medium","button_text":"Shop sale","timer_year":2024,"timer_month":"02","timer_day":"01","timer_hour":"00","timer_minute":"00","color_bg":"#fceeee","color_text":"#ef4d4d","overlay_color":"#000000","overlay_opacity":0,"disable_top_spacing":true,"disable_bottom_spacing":true}},"50869643-808d-4b41-87b2-5da7d5d99d8d":{"type":"image-with-text","blocks":{"template--14745674514490__50869643-808d-4b41-87b2-5da7d5d99d8d-subheading-1":{"type":"subheading","settings":{"text":"Add a tagline"}},"template--14745674514490__50869643-808d-4b41-87b2-5da7d5d99d8d-heading-1":{"type":"heading","settings":{"text":"Gifts For Her","marker_style":"style1","heading_size":"h1","marker_color":"#fd6262"}},"template--14745674514490__50869643-808d-4b41-87b2-5da7d5d99d8d-text-1":{"type":"text","settings":{"text":"<p>Pair text with an image to focus on your chosen product, collection, or blog post. Add details on availability, style, or even provide a review.<\/p>"}}},"block_order":["template--14745674514490__50869643-808d-4b41-87b2-5da7d5d99d8d-subheading-1","template--14745674514490__50869643-808d-4b41-87b2-5da7d5d99d8d-heading-1","template--14745674514490__50869643-808d-4b41-87b2-5da7d5d99d8d-text-1"],"settings":{"use_video":false,"video":"https:\/\/www.youtube.com\/watch?v=_9VUPq3SxOc","video_autoplay":true,"height":"adapt","desktop_image_width":"medium","full_width":false,"layout":"image_first","content_position":"text-center","column_spacing":"medium","color_bg":"#ffffff","color_text":"#2c2d2e","color_border":"#e2e2e2","disable_top_spacing":false,"disable_bottom_spacing":true}},"929d05b4-c5ff-4bf6-8737-f5c313bf9a2b":{"type":"collection-list","settings":{"heading":"","marker_style":"style1","description":"","heading_size":"small","collection_list":["under-500","under-400","under-300","under-200","under-100"],"image_ratio":"adapt","collection_layout":"grid","style":"style2","columns_desktop":5,"columns_mobile":"1","show_progress_bar":true,"mobile_swipe":true,"heading_position":"middle-center","marker_color":"#fd6262","text_color":"#404cb7","overlay_color":"rgba(0,0,0,0)","overlay_opacity":0,"disable_top_spacing":false,"disable_bottom_spacing":false}},"186ee2a2-7c80-43ed-99dd-9a08d3714143":{"type":"collection-tabs","blocks":{"template--14745674514490__186ee2a2-7c80-43ed-99dd-9a08d3714143-collection-1":{"type":"collection","settings":{"collection":"under-400","enable_promotion":true,"title":"Up to 70% off everything!","text":"","link_label":"Shop sale","content_position":"bottom-left","text_alignment":"left","link":"","use_text_button":false,"block_link":"","overlay_color":"#000000","overlay_opacity":0}},"77f151b2-744c-4a90-addc-0939c07443da":{"type":"collection","settings":{"collection":"under-300","enable_promotion":false,"title":"Promotion","text":"Advertise a promotion or a sale","link_label":"Explore","content_position":"bottom-left","text_alignment":"left","link":"","use_text_button":false,"block_link":"","overlay_color":"#000000","overlay_opacity":70}}},"block_order":["template--14745674514490__186ee2a2-7c80-43ed-99dd-9a08d3714143-collection-1","77f151b2-744c-4a90-addc-0939c07443da"],"settings":{"heading":"Made for you","marker_style":"style1","description":"","product_limit":4,"columns_desktop":4,"show_progress_bar":false,"marker_color":"#fd6262","disable_top_spacing":true,"disable_bottom_spacing":true}},"0e05575a-54d8-4865-a032-ff2f86115426":{"type":"spacer","settings":{"spacer_mobile":0,"spacer_desktop":120,"border_separator":true,"border_separator_full":false}},"842e70dc-0df5-46bf-ac61-37929d2a0df3":{"type":"rich-text","blocks":{"6ed33b2e-032f-41d3-bd1e-6a270926fa09":{"type":"badge","settings":{"text":"To cozy up to someone","color_bg":"#f3f4fa","color_text":"#35393d"}},"template--14745674514490__842e70dc-0df5-46bf-ac61-37929d2a0df3-heading-1":{"type":"heading","settings":{"text":"To Appreciate The Beauty Of A Snowflake It Is Necessary To Stand Out In The Cold.","marker_style":"style1","size":"h2","marker_color":"#fd6262"}}},"block_order":["6ed33b2e-032f-41d3-bd1e-6a270926fa09","template--14745674514490__842e70dc-0df5-46bf-ac61-37929d2a0df3-heading-1"],"settings":{"text_width":"xlarge","text_position":"left","text_alignment":"left","color_bg":"rgba(0,0,0,0)","color_heading":"linear-gradient(90deg, rgba(233, 84, 84, 1) 16.73%, rgba(249, 229, 126, 1) 87.71%)","color_text":"#2c2d2e","color_links":"#2c2d2e","disable_top_spacing":true,"disable_bottom_spacing":true}},"40eff4f0-be5b-4979-b4b3-f11d5f6fdb39":{"type":"spacer","settings":{"spacer_mobile":15,"spacer_desktop":15,"border_separator":false,"border_separator_full":false}},"0b064907-98f2-411e-a83e-aaa3ffd24ceb":{"type":"gallery","blocks":{"template--14745674514490__0b064907-98f2-411e-a83e-aaa3ffd24ceb-image-1":{"type":"image","settings":{"enable_gallery_video":false,"enable_hover_play":false,"subheading":"","title":"The Snow Edit","marker_style":"style1","text":"","link_label":"Shop Outerwear","use_text_button":true,"block_link":"","marker_color":"#fd6262"}},"template--14745674514490__0b064907-98f2-411e-a83e-aaa3ffd24ceb-image-2":{"type":"image","settings":{"enable_gallery_video":true,"enable_hover_play":false,"subheading":"","title":"Break The Ice","marker_style":"style1","text":"","link_label":"Shop Coats","use_text_button":true,"block_link":"","marker_color":"#fd6262"}},"template--14745674514490__0b064907-98f2-411e-a83e-aaa3ffd24ceb-image-3":{"type":"image","settings":{"enable_gallery_video":false,"enable_hover_play":false,"subheading":"","title":"Warm Inside","marker_style":"style1","text":"","link_label":"Shop Boots","use_text_button":true,"block_link":"","marker_color":"#fd6262"}}},"block_order":["template--14745674514490__0b064907-98f2-411e-a83e-aaa3ffd24ceb-image-1","template--14745674514490__0b064907-98f2-411e-a83e-aaa3ffd24ceb-image-2","template--14745674514490__0b064907-98f2-411e-a83e-aaa3ffd24ceb-image-3"],"settings":{"columns_desktop":3,"full_width":false,"mobile_swipe":false,"image_ratio":"square","content_position":"bottom-left","text_alignment":"left","column_spacing":"medium","heading_size":"h3","description_size":"medium","overlay_color":"#000000","overlay_opacity":6,"disable_top_spacing":true,"disable_bottom_spacing":false}},"6391d50d-b9e5-4b19-be4a-8e4f8c3e15ae":{"type":"image-with-text-slideshow","blocks":{"template--14745674514490__6391d50d-b9e5-4b19-be4a-8e4f8c3e15ae-slide-1":{"type":"slide","settings":{"subheading":"","heading":"","heading_size":"h3","content":"Khloe Polo 14759 - Pageant Blue","button_text":"Buy now -  $130.00","button_link":"","color_bg":"#f0f1f2","color_text":"#35393d","color_button":"#404cb7"}},"template--14745674514490__6391d50d-b9e5-4b19-be4a-8e4f8c3e15ae-slide-2":{"type":"slide","settings":{"subheading":"subheading","heading":"Slide Heading","heading_size":"h3","content":"Add a descriptive text here for your slide.","button_text":"Shop Now","button_link":"","color_bg":"#f0f1f2","color_text":"#2c2d2e","color_button":"#2c2d2e"}},"template--14745674514490__6391d50d-b9e5-4b19-be4a-8e4f8c3e15ae-slide-3":{"type":"slide","settings":{"subheading":"subheading","heading":"Slide Heading","heading_size":"h3","content":"Add a descriptive text here for your slide.","button_text":"Shop Now","button_link":"","color_bg":"#f0f1f2","color_text":"#2c2d2e","color_button":"#2c2d2e"}}},"block_order":["template--14745674514490__6391d50d-b9e5-4b19-be4a-8e4f8c3e15ae-slide-1","template--14745674514490__6391d50d-b9e5-4b19-be4a-8e4f8c3e15ae-slide-2","template--14745674514490__6391d50d-b9e5-4b19-be4a-8e4f8c3e15ae-slide-3"],"settings":{"mobile_height":"mobile-height-350","desktop_height":"desktop-height-650","desktop_image_width":"medium","layout":"text_first","content_position":"text-center","autoplay":true,"autoplay_length":5,"disable_top_spacing":true,"disable_bottom_spacing":true}},"f7e763ff-136d-4d11-aaec-ad61a8725b43":{"type":"rich-text","blocks":{"7ef7e8b3-ec02-4e18-97c4-1af036e409d8":{"type":"badge","settings":{"text":"Enjoy the winter","color_bg":"#55c39b","color_text":"#ffffff"}},"template--14745674514490__f7e763ff-136d-4d11-aaec-ad61a8725b43-heading-1":{"type":"heading","settings":{"text":"A hug is the perfect Christmas gift, one size fits all and it is easily returned.","marker_style":"style1","size":"h3","marker_color":"#fd6262"}}},"block_order":["7ef7e8b3-ec02-4e18-97c4-1af036e409d8","template--14745674514490__f7e763ff-136d-4d11-aaec-ad61a8725b43-heading-1"],"settings":{"text_width":"large","text_position":"center","text_alignment":"center","color_bg":"rgba(0,0,0,0)","color_heading":"","color_text":"#35393d","color_links":"#2c2d2e","disable_top_spacing":false,"disable_bottom_spacing":true}},"993a762b-ec9f-475e-995d-6a305a517483":{"type":"spacer","settings":{"spacer_mobile":5,"spacer_desktop":20,"border_separator":false,"border_separator_full":false}},"4f8e85d1-58b2-43fb-962f-fa57b08269bb":{"type":"scrolling-images","blocks":{"template--14745674514490__4f8e85d1-58b2-43fb-962f-fa57b08269bb-image-1":{"type":"image","settings":{"link":"#","heading":"","text":""}},"template--14745674514490__4f8e85d1-58b2-43fb-962f-fa57b08269bb-image-2":{"type":"image","settings":{"link":"#","heading":"","text":""}},"template--14745674514490__4f8e85d1-58b2-43fb-962f-fa57b08269bb-image-3":{"type":"image","settings":{"link":"#","heading":"","text":""}},"template--14745674514490__4f8e85d1-58b2-43fb-962f-fa57b08269bb-image-4":{"type":"image","settings":{"link":"#","heading":"","text":""}},"template--14745674514490__4f8e85d1-58b2-43fb-962f-fa57b08269bb-image-5":{"type":"image","settings":{"link":"#","heading":"","text":""}}},"block_order":["template--14745674514490__4f8e85d1-58b2-43fb-962f-fa57b08269bb-image-1","template--14745674514490__4f8e85d1-58b2-43fb-962f-fa57b08269bb-image-2","template--14745674514490__4f8e85d1-58b2-43fb-962f-fa57b08269bb-image-3","template--14745674514490__4f8e85d1-58b2-43fb-962f-fa57b08269bb-image-4","template--14745674514490__4f8e85d1-58b2-43fb-962f-fa57b08269bb-image-5"],"settings":{"image_ratio":"adapt","column_spacing":"large","image_alignment":"top","direction":"left","speed":"50s","disable_top_spacing":true,"disable_bottom_spacing":false}},"f9d5048b-d075-46d8-8988-645690df5ebd":{"type":"layered-images-with-text","blocks":{"template--14745674514490__f9d5048b-d075-46d8-8988-645690df5ebd-subheading-1":{"type":"subheading","settings":{"text":"Snowed in"}},"template--14745674514490__f9d5048b-d075-46d8-8988-645690df5ebd-heading-1":{"type":"heading","settings":{"text":"Brave the |elements|","marker_style":"style1","heading_size":"h1","marker_color":"#fad653"}},"template--14745674514490__f9d5048b-d075-46d8-8988-645690df5ebd-text-1":{"type":"text","settings":{"text":"<p>What’s better than one cozy jacket? Two! Meet the reversible fleece, with plush sherpa on one side and water-resistant quilted fabric on the other. Both sides feature an easy, full snap closure.<\/p>"}},"325a824a-f14d-4b03-b176-0d46f31b046b":{"type":"space","settings":{"height":14}},"45562c04-766a-46d2-843b-feab6aeb67be":{"type":"button","settings":{"button_text":"Learn more"}}},"block_order":["template--14745674514490__f9d5048b-d075-46d8-8988-645690df5ebd-subheading-1","template--14745674514490__f9d5048b-d075-46d8-8988-645690df5ebd-heading-1","template--14745674514490__f9d5048b-d075-46d8-8988-645690df5ebd-text-1","325a824a-f14d-4b03-b176-0d46f31b046b","45562c04-766a-46d2-843b-feab6aeb67be"],"settings":{"image_ratio":"adapt","image_ratio_2":"adapt","image_ratio_3":"adapt","full_width":false,"layout":"text_first","content_alignment":"text-left","content_position":"middle","disable_top_spacing":true,"disable_bottom_spacing":true}},"6365d0c4-bfd1-4820-84e3-25c9a1fff94c":{"type":"testimonials","blocks":{"template--14745674514490__6365d0c4-bfd1-4820-84e3-25c9a1fff94c-quote-1":{"type":"quote","settings":{"stars":"","text":"“I absolutely adore the trendy styles this store offers. The clothes fit so well and they look amazing on a curvy figure.”","author":""}},"template--14745674514490__6365d0c4-bfd1-4820-84e3-25c9a1fff94c-quote-2":{"type":"quote","settings":{"stars":"","text":"\"I bought a wool coat from them a few days ago. Arrived on time and in good condition. But the price was bit high.\"","author":""}},"template--14745674514490__6365d0c4-bfd1-4820-84e3-25c9a1fff94c-quote-3":{"type":"quote","settings":{"stars":"","text":"\"Bought thermal wear, gloves, socks and cap. I had measured myself for making the order and the fit was correct when the clothes arrived.\"","author":""}}},"block_order":["template--14745674514490__6365d0c4-bfd1-4820-84e3-25c9a1fff94c-quote-1","template--14745674514490__6365d0c4-bfd1-4820-84e3-25c9a1fff94c-quote-2","template--14745674514490__6365d0c4-bfd1-4820-84e3-25c9a1fff94c-quote-3"],"settings":{"heading":"CUSTOMER REVIEWS","full_width":true,"text_size":"medium","font_family":"body","pagination":"dots","autoplay":true,"autoplay_length":5,"color_bg":"#ffffff","color_text":"#35393d","disable_top_spacing":false,"disable_bottom_spacing":true}},"834503cd-d209-4e6e-8582-dab3a623d73c":{"type":"spacer","settings":{"spacer_mobile":50,"spacer_desktop":155,"border_separator":true,"border_separator_full":false}},"520b813a-c2af-4a3c-9d17-3a7c2b722748":{"type":"featured-blog","settings":{"heading":"From the |journal|","marker_style":"style1","description":"<p>Add a short description for your brand news<\/p>","blog":"news","post_limit":3,"columns_desktop":3,"mobile_swipe":true,"image_ratio":"landscape","show_date":true,"show_excerpt":true,"show_read_more":true,"show_view_all":true,"marker_color":"#fad653","disable_top_spacing":true,"disable_bottom_spacing":false}}},"order":["8ba47ba3-de7f-4f0a-b30d-6f2a540748c3","28187bbf-105a-4bc5-ac2b-a88efe04d8ab","8670c6b1-68f6-405f-bfff-2c6ff1e89099","fe53684d-3653-4c6c-a359-eb749f580c02","525fbfff-9af6-4521-b565-3ef704fa48c4","72e87ca9-5727-4a4b-a717-7edcadc516cb","50869643-808d-4b41-87b2-5da7d5d99d8d","929d05b4-c5ff-4bf6-8737-f5c313bf9a2b","186ee2a2-7c80-43ed-99dd-9a08d3714143","0e05575a-54d8-4865-a032-ff2f86115426","842e70dc-0df5-46bf-ac61-37929d2a0df3","40eff4f0-be5b-4979-b4b3-f11d5f6fdb39","0b064907-98f2-411e-a83e-aaa3ffd24ceb","6391d50d-b9e5-4b19-be4a-8e4f8c3e15ae","f7e763ff-136d-4d11-aaec-ad61a8725b43","993a762b-ec9f-475e-995d-6a305a517483","4f8e85d1-58b2-43fb-962f-fa57b08269bb","f9d5048b-d075-46d8-8988-645690df5ebd","6365d0c4-bfd1-4820-84e3-25c9a1fff94c","834503cd-d209-4e6e-8582-dab3a623d73c","520b813a-c2af-4a3c-9d17-3a7c2b722748"]}