{"sections":{"8ba47ba3-de7f-4f0a-b30d-6f2a540748c3":{"type":"slideshow","blocks":{"template--17993467625754__8ba47ba3-de7f-4f0a-b30d-6f2a540748c3-16787035832bb7b6a4-0":{"type":"slide","settings":{"slide_link":"","video_background":false,"subheading":"Add a tagline","heading":"Slide Heading","heading_size":"h1","content":"Add descriptive text for your slide here.","description_size":"medium","content_position":"middle-center","text_alignment":"center","content_size":"medium","color_slidebg":"transparent","color_slidebg_opacity":0,"color_slidebg_blur":0,"color_text":"#2c2d2e","overlay_color":"#000000","overlay_opacity":70,"overlay_gradient":"linear-gradient(180deg, rgba(0, 0, 0, 0.1), rgba(0, 0, 0, 0.4) 100%)","button_1_text":"Shop Now","button_1_color":"accent","button_1_link":"","use_text_button_1":false,"button_2_text":"Shop Now","button_2_color":"white","button_2_link":"","use_text_button_2":false}},"template--17993467625754__8ba47ba3-de7f-4f0a-b30d-6f2a540748c3-16787035832bb7b6a4-1":{"type":"slide","settings":{"slide_link":"","video_background":false,"subheading":"Add a tagline","heading":"Slide Heading","heading_size":"h1","content":"Add descriptive text for your slide here.","description_size":"medium","content_position":"middle-center","text_alignment":"center","content_size":"medium","color_slidebg":"transparent","color_slidebg_opacity":0,"color_slidebg_blur":0,"color_text":"#2c2d2e","overlay_color":"#000000","overlay_opacity":70,"overlay_gradient":"linear-gradient(180deg, rgba(0, 0, 0, 0.1), rgba(0, 0, 0, 0.4) 100%)","button_1_text":"Shop Now","button_1_color":"accent","button_1_link":"","use_text_button_1":false,"button_2_text":"Shop Now","button_2_color":"white","button_2_link":"","use_text_button_2":false}},"template--17993467625754__8ba47ba3-de7f-4f0a-b30d-6f2a540748c3-16787035832bb7b6a4-2":{"type":"slide","settings":{"slide_link":"","video_background":false,"subheading":"Add a tagline","heading":"Slide Heading","heading_size":"h1","content":"Add descriptive text for your slide here.","description_size":"medium","content_position":"middle-center","text_alignment":"center","content_size":"medium","color_slidebg":"transparent","color_slidebg_opacity":0,"color_slidebg_blur":0,"color_text":"#2c2d2e","overlay_color":"#000000","overlay_opacity":70,"overlay_gradient":"linear-gradient(180deg, rgba(0, 0, 0, 0.1), rgba(0, 0, 0, 0.4) 100%)","button_1_text":"Shop Now","button_1_color":"accent","button_1_link":"","use_text_button_1":false,"button_2_text":"Shop Now","button_2_color":"white","button_2_link":"","use_text_button_2":false}}},"block_order":["template--17993467625754__8ba47ba3-de7f-4f0a-b30d-6f2a540748c3-16787035832bb7b6a4-0","template--17993467625754__8ba47ba3-de7f-4f0a-b30d-6f2a540748c3-16787035832bb7b6a4-1","template--17993467625754__8ba47ba3-de7f-4f0a-b30d-6f2a540748c3-16787035832bb7b6a4-2"],"settings":{"desktop_height":"desktop-height-650","mobile_height":"mobile-height-500","full_width":false,"autoplay":true,"autoplay_length":5,"transition":"zoom","controls":"arrows-with-numbers","disable_top_spacing":true,"disable_bottom_spacing":true}},"8f6ed916-ced8-44f6-9ef8-b60fd327ae31":{"type":"spacer","settings":{"spacer_mobile":10,"spacer_desktop":30,"border_separator":false,"border_separator_full":false}},"a7802e0a-30f4-4485-bf29-8868a637ca3e":{"type":"promotion-blocks","blocks":{"55f7c68a-a8a2-4a5c-9d22-c648f5a90b07":{"type":"promotion","settings":{"title":"Promotion heading","button_text":"Explore","button_link":""}},"dbbd21fc-6396-4bee-a3ca-7cd24590466d":{"type":"promotion","settings":{"title":"Promotion heading","button_text":"Explore","button_link":""}},"7cae9ac6-8561-43db-a978-8a801d66a423":{"type":"promotion","settings":{"title":"Promotion heading","button_text":"Explore","button_link":""}}},"block_order":["55f7c68a-a8a2-4a5c-9d22-c648f5a90b07","dbbd21fc-6396-4bee-a3ca-7cd24590466d","7cae9ac6-8561-43db-a978-8a801d66a423"],"settings":{"mobile_swipe":true,"image_ratio":"adapt","column_spacing":"large","color_bg":"#ffffff","color_text":"#303c43","color_link":"#3f72e5","disable_top_spacing":true,"disable_bottom_spacing":true}},"8670c6b1-68f6-405f-bfff-2c6ff1e89099":{"type":"spacer","settings":{"spacer_mobile":30,"spacer_desktop":50,"border_separator":false,"border_separator_full":false}},"16614195534fb74bc3":{"type":"collection-tabs","blocks":{"62cb3915-bc43-41ce-b3f3-2e48c9eefdd2":{"type":"collection","settings":{"collection":"","enable_promotion":false,"title":"Promotion","text":"Advertise a promotion or a sale","link_label":"Explore","content_position":"bottom-left","text_alignment":"left","link":"","use_text_button":false,"block_link":"","overlay_color":"#000000","overlay_opacity":70}},"daf43de1-d4e8-41d4-b6ee-0d3a6da11a2e":{"type":"collection","settings":{"collection":"","enable_promotion":false,"title":"Promotion","text":"Advertise a promotion or a sale","link_label":"Explore","content_position":"bottom-left","text_alignment":"left","link":"","use_text_button":false,"block_link":"","overlay_color":"#000000","overlay_opacity":70}}},"block_order":["62cb3915-bc43-41ce-b3f3-2e48c9eefdd2","daf43de1-d4e8-41d4-b6ee-0d3a6da11a2e"],"settings":{"heading":"Collection tabs","marker_style":"style1","description":"<p>Collection tabs description<\/p>","product_limit":8,"columns_desktop":5,"show_progress_bar":true,"marker_color":"#fd6262","disable_top_spacing":true,"disable_bottom_spacing":false}},"b6a221e5-6cbb-4160-83a7-a387a8f98553":{"type":"rich-text","blocks":{"template--17918041129242__b6a221e5-6cbb-4160-83a7-a387a8f98553-16764607056c9a15f5-1":{"type":"heading","settings":{"text":"Rich |text|","marker_style":"style1","size":"h1","marker_color":"#fd6b62"}},"template--17918041129242__b6a221e5-6cbb-4160-83a7-a387a8f98553-16764607056c9a15f5-2":{"type":"text","settings":{"text":"<p><strong>Add a section description here<\/strong><\/p>","size":"text-size-large"}}},"block_order":["template--17918041129242__b6a221e5-6cbb-4160-83a7-a387a8f98553-16764607056c9a15f5-1","template--17918041129242__b6a221e5-6cbb-4160-83a7-a387a8f98553-16764607056c9a15f5-2"],"settings":{"text_width":"large","text_position":"center","text_alignment":"center","color_bg":"rgba(0,0,0,0)","color_heading":"#252f35","color_text":"#303c43","color_links":"#ffffff","disable_top_spacing":true,"disable_bottom_spacing":true}},"f896bcf0-40bd-4c23-8c79-b4d0863d7715":{"type":"media-grid","blocks":{"template--17918041129242__f896bcf0-40bd-4c23-8c79-b4d0863d7715-167639056582313b87-0":{"type":"media","settings":{"slide_link":"","use_video":false,"video_autoplay":true,"column":2,"row":2,"subheading":"Subheading","heading":"Block heading","heading_size":"h2","button_text":"Learn more","button_link":"","content_position":"top-center","text_alignment":"center","color_bg":"#ffffff","color_bg_gradient":"","color_text":"#252f35","color_link":"#3f72e5","overlay_color":"#000000","overlay_opacity":0}},"template--17918041129242__f896bcf0-40bd-4c23-8c79-b4d0863d7715-167639056582313b87-1":{"type":"media","settings":{"slide_link":"","use_video":false,"video_autoplay":true,"column":2,"row":1,"subheading":"Subheading","heading":"Add your block<br>description","heading_size":"h4","button_text":"Explore","button_link":"","content_position":"top-left","text_alignment":"left","color_bg":"#ffffff","color_bg_gradient":"","color_text":"#252f35","color_link":"#3f72e5","overlay_color":"#000000","overlay_opacity":0}},"template--17918041129242__f896bcf0-40bd-4c23-8c79-b4d0863d7715-167639056582313b87-2":{"type":"media","settings":{"slide_link":"","use_video":false,"video_autoplay":true,"column":1,"row":1,"subheading":"","heading":"Block Heading","heading_size":"h4","button_text":"","button_link":"","content_position":"middle-center","text_alignment":"center","color_bg":"#ffffff","color_bg_gradient":"linear-gradient(180deg, rgba(247, 177, 168, 1), rgba(63, 114, 229, 1) 99%)","color_text":"#ffffff","color_link":"#3f72e5","overlay_color":"#000000","overlay_opacity":0}},"3963f5c5-4bf4-4cd9-b70a-a4a9e5283569":{"type":"media","settings":{"slide_link":"","use_video":false,"video_autoplay":true,"column":1,"row":1,"subheading":"","heading":"Block Heading","heading_size":"h4","button_text":"Explore","button_link":"","content_position":"middle-center","text_alignment":"center","color_bg":"#ffffff","color_bg_gradient":"","color_text":"#ffffff","color_link":"#ffffff","overlay_color":"#000000","overlay_opacity":40}}},"block_order":["template--17918041129242__f896bcf0-40bd-4c23-8c79-b4d0863d7715-167639056582313b87-0","template--17918041129242__f896bcf0-40bd-4c23-8c79-b4d0863d7715-167639056582313b87-1","template--17918041129242__f896bcf0-40bd-4c23-8c79-b4d0863d7715-167639056582313b87-2","3963f5c5-4bf4-4cd9-b70a-a4a9e5283569"],"settings":{"desktop_height":300,"mobile_height":220,"column_spacing":"medium","color_bg":"#ffffff","color_text":"#3a474e","color_link":"#151515","disable_top_spacing":true,"disable_bottom_spacing":true}},"1661426105a80f3333":{"type":"scrolling-text","blocks":{"1ca83ea2-5e93-4db4-a6e6-8fcf06ee541b":{"type":"text","settings":{"text":"Add campaign text here.","link":"","outline_text":false}},"26518d78-5502-4bdf-a933-0020b59a8d9e":{"type":"text","settings":{"text":"Add campaign text here.","link":"","outline_text":false}},"c2cf6d75-da2e-4ba7-9791-6b681127eeff":{"type":"text","settings":{"text":"Add campaign text here.","link":"","outline_text":false}}},"block_order":["1ca83ea2-5e93-4db4-a6e6-8fcf06ee541b","26518d78-5502-4bdf-a933-0020b59a8d9e","c2cf6d75-da2e-4ba7-9791-6b681127eeff"],"settings":{"height":"height-auto","full_width":false,"direction":"left","speed":"50s","rotation":0,"negative_rotation":false,"font_family":"heading","text_size":48,"text_uppercase":false,"image_size":"small","color_bg":"rgba(0,0,0,0)","color_text":"#adb3bb","overlay_color":"#000000","overlay_opacity":0,"disable_top_spacing":true,"disable_bottom_spacing":true}},"60ed2e7d-3f50-428a-b546-03274d862db0":{"type":"collection-list","settings":{"heading":"","marker_style":"style1","description":"","heading_size":"small","collection_list":[],"image_ratio":"adapt","collection_layout":"grid","style":"style2","columns_desktop":5,"columns_mobile":"2","show_progress_bar":true,"mobile_swipe":true,"heading_position":"bottom-center","marker_color":"#fd6262","text_color":"#252f35","overlay_color":"rgba(0,0,0,0)","overlay_opacity":0,"disable_top_spacing":true,"disable_bottom_spacing":false}},"09fbaadd-eaad-4e04-9edb-42de8cc123f0":{"type":"scrolling-content","blocks":{"7dd63451-9849-436a-8d6f-6e1568fd6a0d":{"type":"section","settings":{"badge":"badge","subheading":"subheading","heading":"Heading","marker_style":"style1","heading_size":"small","content":"<p>Add a descriptive text here for your slide.<\/p>","description_size":"medium","button_text":"Shop Now","button_link":"","marker_color":"#FD6262","color_bg_badge":"#3f72e5","color_badge":"#ffffff"}},"d364e04b-f192-401b-be30-5647164998ad":{"type":"section","settings":{"badge":"badge","subheading":"subheading","heading":"Heading","marker_style":"style1","heading_size":"small","content":"<p>Add a descriptive text here for your slide.<\/p>","description_size":"medium","button_text":"Shop Now","button_link":"","marker_color":"#FD6262","color_bg_badge":"#3f72e5","color_badge":"#ffffff"}},"e7712faa-4bb2-424d-af95-93d14e9c13fd":{"type":"section","settings":{"badge":"badge","subheading":"subheading","heading":"Heading","marker_style":"style1","heading_size":"small","content":"<p>Add a descriptive text here for your slide.<\/p>","description_size":"medium","button_text":"Shop Now","button_link":"","marker_color":"#FD6262","color_bg_badge":"#3f72e5","color_badge":"#ffffff"}}},"block_order":["7dd63451-9849-436a-8d6f-6e1568fd6a0d","d364e04b-f192-401b-be30-5647164998ad","e7712faa-4bb2-424d-af95-93d14e9c13fd"],"settings":{"desktop_layout":"text_first","mobile_swipe":true,"dots":true,"color_bg":"#f5f5f5","color_heading":"#252f35","color_text":"#303c43","color_links":"#3f72e5","disable_top_spacing":true,"disable_bottom_spacing":true}},"6b1d3b5d-a0fa-4928-834a-d82c491bc99d":{"type":"spacer","settings":{"spacer_mobile":10,"spacer_desktop":40,"border_separator":false,"border_separator_full":false}},"166366563622039b3e":{"type":"featured-collection","settings":{"heading":"Featured Collection","marker_style":"style1","description":"<p>Best dresses for the upcoming fall season<\/p>","collection":"","display_type":"grid","product_limit":4,"columns_desktop":4,"show_view_all":true,"mobile_swipe":true,"show_progress_bar":true,"marker_color":"#fd6262","disable_top_spacing":true,"disable_bottom_spacing":true}},"556906e3-ee46-444a-a732-18a7ad8ace3c":{"type":"spacer","settings":{"spacer_mobile":10,"spacer_desktop":40,"border_separator":false,"border_separator_full":false}},"66e51d40-1da7-4a8a-8d7c-2e5b727c5f4c":{"type":"image-with-text-slideshow","blocks":{"8704fc3b-3e7d-4b1c-8a79-1bb391f43862":{"type":"slide","settings":{"subheading":"subheading","heading":"Slide Heading","heading_size":"h3","content":"Add a descriptive text here for your slide.","button_text":"Shop Now","button_link":"","color_bg":"#ffffff","color_text":"#2c2d2e","color_button":"#2c2d2e"}},"e940c5a6-8515-4c8c-86bf-1520e1cb699b":{"type":"slide","settings":{"subheading":"subheading","heading":"Slide Heading","heading_size":"h3","content":"Add a descriptive text here for your slide.","button_text":"Shop Now","button_link":"","color_bg":"#ffffff","color_text":"#2c2d2e","color_button":"#2c2d2e"}}},"block_order":["8704fc3b-3e7d-4b1c-8a79-1bb391f43862","e940c5a6-8515-4c8c-86bf-1520e1cb699b"],"settings":{"mobile_height":"mobile-height-400","desktop_height":"desktop-height-650","desktop_image_width":"medium","layout":"text_first","content_position":"text-center","autoplay":true,"autoplay_length":10,"disable_top_spacing":true,"disable_bottom_spacing":true}},"f8f12940-5782-4827-9b55-eab9b8fc3988":{"type":"spacer","settings":{"spacer_mobile":30,"spacer_desktop":55,"border_separator":false,"border_separator_full":false}},"e64d388d-d7ce-40d4-9265-98b1b32fb9de":{"type":"logo-list","blocks":{"015b7f2c-d077-4360-869a-deb290cf98df":{"type":"logo","settings":{"link":""}},"501a786d-9e75-45cb-99b1-08fc64a35c48":{"type":"logo","settings":{"link":""}},"6eb74203-63cb-4fb2-9c50-eb2c064aa1cc":{"type":"logo","settings":{"link":""}},"6d12a7aa-afd3-41e7-a2da-879bc622f8d9":{"type":"logo","settings":{"link":""}},"3a029d3b-2084-4892-8f9c-c95b609a06d2":{"type":"logo","settings":{"link":""}},"4d6d52f7-06ce-4647-90a2-68910d743f50":{"type":"logo","settings":{"link":""}}},"block_order":["015b7f2c-d077-4360-869a-deb290cf98df","501a786d-9e75-45cb-99b1-08fc64a35c48","6eb74203-63cb-4fb2-9c50-eb2c064aa1cc","6d12a7aa-afd3-41e7-a2da-879bc622f8d9","3a029d3b-2084-4892-8f9c-c95b609a06d2","4d6d52f7-06ce-4647-90a2-68910d743f50"],"settings":{"heading":"Logo list","marker_style":"style1","description":"<p>Add a short description for this section<\/p>","columns":6,"mobile_swipe":true,"center_align":true,"disable_top_spacing":true,"disable_bottom_spacing":false,"color_logo_bg":"#ffffff","marker_color":"#fd6262"}},"41985d74-e833-4bbd-b6df-f14039d7d1e4":{"type":"rich-text","blocks":{"8887e9cc-ea48-4e00-b3b5-2c62eecc0054":{"type":"image","settings":{}},"template--17918041129242__41985d74-e833-4bbd-b6df-f14039d7d1e4-1676471079e61edf02-1":{"type":"heading","settings":{"text":"Rich text |heading|","marker_style":"style2","size":"h1","marker_color":"#3f72e5"}},"template--17918041129242__41985d74-e833-4bbd-b6df-f14039d7d1e4-1676471079e61edf02-2":{"type":"text","settings":{"text":"<p><strong>Add your own section description here.<\/strong><\/p>","size":"text-size-large"}},"template--17918041129242__41985d74-e833-4bbd-b6df-f14039d7d1e4-1676471079e61edf02-3":{"type":"button","settings":{"link_label":"Learn more","link":""}}},"block_order":["8887e9cc-ea48-4e00-b3b5-2c62eecc0054","template--17918041129242__41985d74-e833-4bbd-b6df-f14039d7d1e4-1676471079e61edf02-1","template--17918041129242__41985d74-e833-4bbd-b6df-f14039d7d1e4-1676471079e61edf02-2","template--17918041129242__41985d74-e833-4bbd-b6df-f14039d7d1e4-1676471079e61edf02-3"],"settings":{"text_width":"xlarge","text_position":"center","text_alignment":"center","color_bg":"rgba(0,0,0,0)","color_heading":"#252f35","color_text":"#303c43","color_links":"#151515","disable_top_spacing":true,"disable_bottom_spacing":true}},"d569a596-bbbd-43f5-bc5d-eea42d9c524a":{"type":"toggle-boxes","blocks":{"1e5c0d75-7532-420a-9a92-88d46599e5c9":{"type":"box","settings":{"open":false,"heading":"Heading","text":"<p>Pair text with an image to focus on your chosen image<\/p>"}},"1b94bcae-91ef-43d1-bd0a-fa1e9c96b1ac":{"type":"box","settings":{"open":false,"heading":"Heading","text":"<p>Pair text with an image to focus on your chosen image<\/p>"}},"99de1703-57d2-4815-a2dd-cca209d274d4":{"type":"box","settings":{"open":false,"heading":"Heading","text":"<p>Pair text with an image to focus on your chosen image<\/p>"}},"8feaed6f-9110-479d-92cd-57e771e3383c":{"type":"box","settings":{"open":false,"heading":"Heading","text":"<p>Pair text with an image to focus on your chosen image<\/p>"}}},"block_order":["1e5c0d75-7532-420a-9a92-88d46599e5c9","1b94bcae-91ef-43d1-bd0a-fa1e9c96b1ac","99de1703-57d2-4815-a2dd-cca209d274d4","8feaed6f-9110-479d-92cd-57e771e3383c"],"settings":{"heading":"","marker_style":"style1","description":"","columns_desktop":4,"column_spacing":"medium","image_ratio":"adapt","mobile_swipe":true,"text_alignment":"left","color_bg":"#ffffff","color_heading":"#252f35","marker_color":"#fd6262","color_text":"#303c43","color_link":"#3f72e5","disable_top_spacing":false,"disable_bottom_spacing":true}},"bd5ac47b-89ee-4ca4-8b29-9399f29dcc4a":{"type":"media-with-tabs","blocks":{"template--17918041129242__bd5ac47b-89ee-4ca4-8b29-9399f29dcc4a-167784477850e4393b-0":{"type":"badge","settings":{"text":"Badge heading","color_bg":"#665755","color_text":"#ffffff"}},"template--17918041129242__bd5ac47b-89ee-4ca4-8b29-9399f29dcc4a-167784477850e4393b-1":{"type":"heading","settings":{"text":"Heading","heading_size":"h2"}},"template--17918041129242__bd5ac47b-89ee-4ca4-8b29-9399f29dcc4a-167784477850e4393b-2":{"type":"text","settings":{"text":"<p>Section description<\/p>"}},"deb1116b-786d-453d-921e-1a6dca696afc":{"type":"tab","settings":{"use_video":false,"heading_icon":"ruler","heading":"Tab","description":"Add a short description for this tab","video_autoplay":true}},"5a8f54e1-b110-495f-aa71-0d1f32872c4c":{"type":"tab","settings":{"use_video":false,"heading_icon":"ruler","heading":"Tab","description":"Add a short description for this tab","video_autoplay":true}},"5c68e7c6-17e9-4dd0-8ebe-002ab7f3955c":{"type":"tab","settings":{"use_video":false,"heading_icon":"ruler","heading":"Tab","description":"Add a short description for this tab","video_autoplay":true}}},"block_order":["template--17918041129242__bd5ac47b-89ee-4ca4-8b29-9399f29dcc4a-167784477850e4393b-0","template--17918041129242__bd5ac47b-89ee-4ca4-8b29-9399f29dcc4a-167784477850e4393b-1","template--17918041129242__bd5ac47b-89ee-4ca4-8b29-9399f29dcc4a-167784477850e4393b-2","deb1116b-786d-453d-921e-1a6dca696afc","5a8f54e1-b110-495f-aa71-0d1f32872c4c","5c68e7c6-17e9-4dd0-8ebe-002ab7f3955c"],"settings":{"desktop_height":"desktop-height-650","mobile_height":"mobile-height-500","height":"adapt","desktop_layout":"text_first","color_bg":"#746461","color_text":"#ffffff","color_link":"#ffffff","color_border":"#827471","disable_top_spacing":false,"disable_bottom_spacing":false}},"bbe1b14c-ffcc-46f3-8d0a-a83a6122cbc4":{"type":"customer-reviews","blocks":{"5085031f-e213-46e9-8fad-837c9d5408f7":{"type":"review","settings":{"product_handle":"","stars":"","heading":"Review heading","text":"Add your customer review here to showcase them.","author":"Review author"}},"bb2ca63a-1470-47a5-b774-d5b7d1e70308":{"type":"review","settings":{"product_handle":"","stars":"","heading":"Review heading","text":"Add your customer review here to showcase them.","author":"Review author"}},"018af719-2b38-43f2-8174-9d7e9dd734a7":{"type":"review","settings":{"product_handle":"","stars":"","heading":"Review heading","text":"Add your customer review here to showcase them.","author":"Review author"}},"8701e09a-7c91-460f-9ec4-4b761f9b8bd0":{"type":"review","settings":{"product_handle":"","stars":"","heading":"Review heading","text":"Add your customer review here to showcase them.","author":"Review author"}},"c1ccdfb8-f6fe-4c44-aa08-c5541cd20d26":{"type":"review","settings":{"product_handle":"","stars":"","heading":"Review heading","text":"Add your customer review here to showcase them.","author":"Review author"}}},"block_order":["5085031f-e213-46e9-8fad-837c9d5408f7","bb2ca63a-1470-47a5-b774-d5b7d1e70308","018af719-2b38-43f2-8174-9d7e9dd734a7","8701e09a-7c91-460f-9ec4-4b761f9b8bd0","c1ccdfb8-f6fe-4c44-aa08-c5541cd20d26"],"settings":{"heading":"Loved by Customers","description":"","columns":4,"autoplay":true,"autoplay_length":5,"color_bg":"#ffffff","color_heading":"#252f35","color_text":"#303c43","disable_top_spacing":true,"disable_bottom_spacing":true}},"b41c8677-3d35-4893-895f-bca590f9e711":{"type":"media-grid","blocks":{"template--17918041129242__b41c8677-3d35-4893-895f-bca590f9e711-1676811591c8bdc557-0":{"type":"media","settings":{"slide_link":"","use_video":false,"video_autoplay":true,"column":2,"row":1,"subheading":"Subheading","heading":"Heading","heading_size":"h4","button_text":"Learn more","button_link":"","content_position":"top-left","text_alignment":"left","color_bg":"#69679c","color_bg_gradient":"","color_text":"#ffffff","color_link":"#ffffff","overlay_color":"#000000","overlay_opacity":0}},"template--17918041129242__b41c8677-3d35-4893-895f-bca590f9e711-1676811591c8bdc557-1":{"type":"media","settings":{"slide_link":"","use_video":false,"video_autoplay":true,"column":2,"row":1,"subheading":"Subheading","heading":"Heading","heading_size":"h4","button_text":"Learn more","button_link":"","content_position":"top-left","text_alignment":"left","color_bg":"#69679c","color_bg_gradient":"","color_text":"#ffffff","color_link":"#ffffff","overlay_color":"#000000","overlay_opacity":0}}},"block_order":["template--17918041129242__b41c8677-3d35-4893-895f-bca590f9e711-1676811591c8bdc557-0","template--17918041129242__b41c8677-3d35-4893-895f-bca590f9e711-1676811591c8bdc557-1"],"settings":{"desktop_height":300,"mobile_height":250,"column_spacing":"large","color_bg":"#ffffff","color_text":"#2c2d2e","color_link":"#3f72e5","disable_top_spacing":false,"disable_bottom_spacing":true}},"768e3533-d117-4b55-9ced-db5d486d2815":{"type":"spacer","settings":{"spacer_mobile":40,"spacer_desktop":75,"border_separator":false,"border_separator_full":false}},"1647955648d6a0baee":{"type":"featured-blog","settings":{"heading":"Featured blog","marker_style":"style1","description":"<p>Blog posts description<\/p>","blog":"news","post_limit":3,"columns_desktop":3,"mobile_swipe":true,"image_ratio":"landscape","show_date":true,"show_excerpt":true,"show_read_more":true,"show_view_all":true,"marker_color":"#fd6262","disable_top_spacing":true,"disable_bottom_spacing":false}},"16620983071df6eb29":{"type":"text-with-icons","blocks":{"1662098307788ca717-0":{"type":"icon","settings":{"icon":"ruler","heading":"Heading","text":"<p>Text with icons description<\/p>"}},"1662098307788ca717-1":{"type":"icon","settings":{"icon":"ruler","heading":"Heading","text":"<p>Text with icons description<\/p>"}},"1662098307788ca717-2":{"type":"icon","settings":{"icon":"ruler","heading":"Heading","text":"<p>Text with icons description<\/p>"}},"2c4a636c-cb89-4faf-82e6-13a0e7241006":{"type":"icon","settings":{"icon":"ruler","heading":"Heading","text":"<p>Text with icons description<\/p>"}}},"block_order":["1662098307788ca717-0","1662098307788ca717-1","1662098307788ca717-2","2c4a636c-cb89-4faf-82e6-13a0e7241006"],"settings":{"text_alignment":"left","icon_position":"top","icon_size":"medium","heading_size":"medium","mobile_swipe":true,"color_bg":"#ededed","color_heading":"#252f35","color_text":"#303c43","disable_top_spacing":true,"disable_bottom_spacing":true}}},"order":["8ba47ba3-de7f-4f0a-b30d-6f2a540748c3","8f6ed916-ced8-44f6-9ef8-b60fd327ae31","a7802e0a-30f4-4485-bf29-8868a637ca3e","8670c6b1-68f6-405f-bfff-2c6ff1e89099","16614195534fb74bc3","b6a221e5-6cbb-4160-83a7-a387a8f98553","f896bcf0-40bd-4c23-8c79-b4d0863d7715","1661426105a80f3333","60ed2e7d-3f50-428a-b546-03274d862db0","09fbaadd-eaad-4e04-9edb-42de8cc123f0","6b1d3b5d-a0fa-4928-834a-d82c491bc99d","166366563622039b3e","556906e3-ee46-444a-a732-18a7ad8ace3c","66e51d40-1da7-4a8a-8d7c-2e5b727c5f4c","f8f12940-5782-4827-9b55-eab9b8fc3988","e64d388d-d7ce-40d4-9265-98b1b32fb9de","41985d74-e833-4bbd-b6df-f14039d7d1e4","d569a596-bbbd-43f5-bc5d-eea42d9c524a","bd5ac47b-89ee-4ca4-8b29-9399f29dcc4a","bbe1b14c-ffcc-46f3-8d0a-a83a6122cbc4","b41c8677-3d35-4893-895f-bca590f9e711","768e3533-d117-4b55-9ced-db5d486d2815","1647955648d6a0baee","16620983071df6eb29"]}