{"sections":{"567fa266-e3a3-4d42-8bd7-d5c0c15798dd":{"type":"image-with-text-overlay","blocks":{"8f9cb57d-a2a0-4982-be25-1bc647368f60":{"type":"badge","settings":{"text":"Our story","color_bg":"#ffffff","color_text":"#35393d"}},"template--14745674219578__567fa266-e3a3-4d42-8bd7-d5c0c15798dd-heading-1":{"type":"heading","settings":{"text":"Your Favorite Winter Tradition Is Here","heading_size":"h1-large"}},"template--14745674219578__567fa266-e3a3-4d42-8bd7-d5c0c15798dd-text-1":{"type":"text","settings":{"text":"<p>In the palette of winter, discover the allure of deep, rich hues.<\/p>","description_size":"small"}}},"block_order":["8f9cb57d-a2a0-4982-be25-1bc647368f60","template--14745674219578__567fa266-e3a3-4d42-8bd7-d5c0c15798dd-heading-1","template--14745674219578__567fa266-e3a3-4d42-8bd7-d5c0c15798dd-text-1"],"settings":{"image_parallax":true,"desktop_height":"desktop-height-650","mobile_height":"mobile-height-500","full_width":true,"content_width":"medium","content_position":"bottom-left","text_alignment":"left","text_color":"#ffffff","overlay_color":"#35393d","overlay_opacity":5,"disable_top_spacing":true,"disable_bottom_spacing":false}},"e945a35c-a6f9-4b6d-9199-63dc12aff93e":{"type":"scrolling-content","blocks":{"template--14745674219578__e945a35c-a6f9-4b6d-9199-63dc12aff93e-section-1":{"type":"section","settings":{"badge":"","subheading":"","heading":"Layering Mastery","marker_style":"style1","heading_size":"small","content":"<p>Elevate your ensemble with our collection of knitwear wonders. From chunky cable-knit sweaters to soft cashmere turtlenecks, our selection ensures you stay snug without compromising on flair. Layer with abandon; warmth has never looked this good.<\/p>","description_size":"medium","button_text":"","button_link":"","marker_color":"#FD6262","color_bg_badge":"#3fe5a2","color_badge":"#ffffff"}},"template--14745674219578__e945a35c-a6f9-4b6d-9199-63dc12aff93e-section-2":{"type":"section","settings":{"badge":"","subheading":"","heading":"Timeless Hues","marker_style":"style1","heading_size":"small","content":"<p>In the palette of winter, discover the allure of deep, rich hues. From midnight blues to burgundy reds, our collection embraces the colors of the season. Indulge in the tactile pleasures of velvet and faux shearling, adding depth to your winter wardrobe.<\/p>","description_size":"medium","button_text":"Shop Now","marker_color":"#FD6262","color_bg_badge":"#3f72e5","color_badge":"#ffffff"}},"template--14745674219578__e945a35c-a6f9-4b6d-9199-63dc12aff93e-section-3":{"type":"section","settings":{"badge":"","subheading":"","heading":"Weather Ready","marker_style":"style1","heading_size":"small","content":"<p>Winter fashion is more than just clothing; it's a narrative of resilience and style. Our collection is curated for those who refuse to compromise, embracing the beauty of winter while adorned in the epitome of fashion.<\/p>","description_size":"medium","button_text":"","button_link":"","marker_color":"#FD6262","color_bg_badge":"#3f72e5","color_badge":"#ffffff"}}},"block_order":["template--14745674219578__e945a35c-a6f9-4b6d-9199-63dc12aff93e-section-1","template--14745674219578__e945a35c-a6f9-4b6d-9199-63dc12aff93e-section-2","template--14745674219578__e945a35c-a6f9-4b6d-9199-63dc12aff93e-section-3"],"settings":{"desktop_layout":"text_first","mobile_swipe":true,"dots":true,"color_bg":"transparent","color_heading":"#35393d","color_text":"#4d5154","color_links":"#404cb7","disable_top_spacing":true,"disable_bottom_spacing":false}},"8ab8f1f0-7339-452e-9f95-73816fef5c9e":{"type":"testimonials","blocks":{"template--14745674219578__8ab8f1f0-7339-452e-9f95-73816fef5c9e-quote-1":{"type":"quote","settings":{"stars":"","text":"“I absolutely adore the trendy styles this store offers. The clothes fit so well and they look amazing on a curvy figure.”","author":""}},"template--14745674219578__8ab8f1f0-7339-452e-9f95-73816fef5c9e-quote-2":{"type":"quote","settings":{"stars":"","text":"\"I bought a wool coat from them a few days ago. Arrived on time and in good condition. But the price was bit high.\"","author":""}},"template--14745674219578__8ab8f1f0-7339-452e-9f95-73816fef5c9e-quote-3":{"type":"quote","settings":{"stars":"","text":"\"Bought thermal wear, gloves, socks and cap. I had measured myself for making the order and the fit was correct when the clothes arrived.\"","author":""}}},"block_order":["template--14745674219578__8ab8f1f0-7339-452e-9f95-73816fef5c9e-quote-1","template--14745674219578__8ab8f1f0-7339-452e-9f95-73816fef5c9e-quote-2","template--14745674219578__8ab8f1f0-7339-452e-9f95-73816fef5c9e-quote-3"],"settings":{"heading":"TESTIMONIALS","full_width":true,"text_size":"medium","font_family":"body","pagination":"dots","autoplay":true,"autoplay_length":5,"color_bg":"#effcf2","color_text":"#404cb7","disable_top_spacing":false,"disable_bottom_spacing":false}},"a459b182-4bc8-4fcc-b198-df2792838aa7":{"type":"multicolumn","blocks":{"template--14745674219578__a459b182-4bc8-4fcc-b198-df2792838aa7-column-1":{"type":"column","settings":{"image_full_width":true,"image_link":"#","title":"","text":"","link_label":"Our Sustainability","link":"#"}},"template--14745674219578__a459b182-4bc8-4fcc-b198-df2792838aa7-column-2":{"type":"column","settings":{"image_full_width":true,"image_link":"#","title":"","text":"","link_label":"Our Approach","link":""}},"template--14745674219578__a459b182-4bc8-4fcc-b198-df2792838aa7-column-3":{"type":"column","settings":{"image_full_width":true,"image_link":"#","title":"","text":"","link_label":"Our Stores","link":""}},"template--14745674219578__a459b182-4bc8-4fcc-b198-df2792838aa7-column-4":{"type":"column","settings":{"image_full_width":true,"image_link":"#","title":"","text":"","link_label":"Customer Support","link":""}}},"block_order":["template--14745674219578__a459b182-4bc8-4fcc-b198-df2792838aa7-column-1","template--14745674219578__a459b182-4bc8-4fcc-b198-df2792838aa7-column-2","template--14745674219578__a459b182-4bc8-4fcc-b198-df2792838aa7-column-3","template--14745674219578__a459b182-4bc8-4fcc-b198-df2792838aa7-column-4"],"settings":{"heading":"More to |explore|","marker_style":"style1","description":"","columns_desktop":4,"mobile_swipe":true,"image_ratio":"adapt","text_alignment":"left","heading_size":"h5","color_heading":"#35393d","marker_color":"#fad759","color_text":"#4d5154","color_links":"#2c2d2e","disable_top_spacing":false,"disable_bottom_spacing":false}},"b0c9c35a-d605-45c6-b286-dad83a0bedbc":{"type":"email-signup","blocks":{"430b761c-f2d7-4c55-b795-a5c80acfcb8d":{"type":"image","settings":{}},"f74ba4e1-1813-4563-ba00-b467463b3c20":{"type":"space","settings":{"height":20}},"template--14745674219578__b0c9c35a-d605-45c6-b286-dad83a0bedbc-heading-1":{"type":"heading","settings":{"text":"Subscribe to Newsletter","heading_size":"h3"}},"template--14745674219578__b0c9c35a-d605-45c6-b286-dad83a0bedbc-text-1":{"type":"text","settings":{"text":"Sign up for our newsletter and receive 10% off your first order!","description_size":"medium"}},"template--14745674219578__b0c9c35a-d605-45c6-b286-dad83a0bedbc-form-1":{"type":"form","settings":{}}},"block_order":["430b761c-f2d7-4c55-b795-a5c80acfcb8d","f74ba4e1-1813-4563-ba00-b467463b3c20","template--14745674219578__b0c9c35a-d605-45c6-b286-dad83a0bedbc-heading-1","template--14745674219578__b0c9c35a-d605-45c6-b286-dad83a0bedbc-text-1","template--14745674219578__b0c9c35a-d605-45c6-b286-dad83a0bedbc-form-1"],"settings":{"full_width":false,"color_bg":"#404cb7","color_text":"#ffffff","color_heading":"#ffffff","color_border":"#ffffff","overlay_color":"#000000","overlay_opacity":0,"disable_top_spacing":false,"disable_bottom_spacing":false}},"663aa9c0-f483-4b09-b337-0fa0b8cf8e6d":{"type":"spacer","settings":{"spacer_mobile":50,"spacer_desktop":100,"border_separator":false,"border_separator_full":false}}},"order":["567fa266-e3a3-4d42-8bd7-d5c0c15798dd","e945a35c-a6f9-4b6d-9199-63dc12aff93e","8ab8f1f0-7339-452e-9f95-73816fef5c9e","a459b182-4bc8-4fcc-b198-df2792838aa7","b0c9c35a-d605-45c6-b286-dad83a0bedbc","663aa9c0-f483-4b09-b337-0fa0b8cf8e6d"]}