{"sections":{"breadcrumbs":{"type":"breadcrumbs","settings":{}},"main-product":{"type":"main-product","blocks":{"2b609eea-6cce-4efe-b447-c5560de1d797":{"type":"label","settings":{}},"e431a79e-9c7b-4a53-a79a-0cb918617ecf":{"type":"text","settings":{"text":"{{ product.vendor }}","text_style":"style_vendor"}},"title":{"type":"title","settings":{"show_products_rating":true}},"9f7063b9-6f3b-4143-9831-5ba7e1dda4ac":{"type":"separator","settings":{}},"variant_picker":{"type":"variant_picker","settings":{"picker_type":"button","color_picker":true,"variant_is_disabled":true,"sizing_guide_variant":"Size","sizing_guide_text":"","sizing_guide_icon":"ruler","sizing_guide_page":""}},"quantity":{"type":"quantity","settings":{}},"32816dd9-0969-4e55-8d1b-39a1dc390a77":{"type":"inventory_level","settings":{"show_inventory_notice":"always","show_inventory_count":"always","inventory_notice_pulse":true,"inventory_notice_bar":true,"inventory_notice_threshold":10,"inventory_notice_base":20}},"buy_buttons":{"type":"buy_buttons","settings":{"show_dynamic_checkout":true}},"4249b02a-2e7a-47d4-a3e2-8f0c016b54d7":{"type":"icon_list","settings":{"icon_1_icon":"box","icon_1_text":"Free shipping on all U.S. orders of $40+","icon_2_icon":"return","icon_2_text":"60 night money back guarantee","icon_3_icon":"star","icon_3_text":"","icon_4_icon":"washing","icon_4_text":""}},"0b3e272b-c86a-4dba-946c-c6912251371c":{"type":"description","settings":{}},"386f7e4a-6127-4141-928b-9cb4614ee18c":{"type":"collapsible_tab","settings":{"heading":"Shipping & Returns","open":false,"content":"<p>Row content<\/p>","page":""}},"d56924f2-0137-4e3b-8c33-49b1f28391c6":{"type":"collapsible_tab","settings":{"heading":"Compatibility","open":false,"content":"<p>Row content<\/p>","page":""}},"4fd23485-293f-46a0-8a4c-34d0e25ea41b":{"type":"share","settings":{}},"fc6da228-45eb-4a6e-aa68-d6ec477bec34":{"type":"complementary","settings":{"block_heading":"Pairs well with","product_list_limit":6}},"47f50ec7-2a76-44a7-bce6-b7895e0e8ca7":{"type":"info_box","settings":{"icon":"price_tag","text":"Spend 60+ get $10 off with code: FUELTHEMES","link":"","info_box_bg":"#f7eae9","info_box_color":"#eb4f45"}},"561eac20-aae8-4774-91be-f5693346c253":{"type":"info_box","settings":{"icon":"gluten_free","text":"Better gut health leads to a stronger immune function.","link":"","info_box_bg":"#efe9fc","info_box_color":"#5c4295"}}},"block_order":["2b609eea-6cce-4efe-b447-c5560de1d797","e431a79e-9c7b-4a53-a79a-0cb918617ecf","title","9f7063b9-6f3b-4143-9831-5ba7e1dda4ac","variant_picker","quantity","32816dd9-0969-4e55-8d1b-39a1dc390a77","buy_buttons","4249b02a-2e7a-47d4-a3e2-8f0c016b54d7","0b3e272b-c86a-4dba-946c-c6912251371c","386f7e4a-6127-4141-928b-9cb4614ee18c","d56924f2-0137-4e3b-8c33-49b1f28391c6","4fd23485-293f-46a0-8a4c-34d0e25ea41b","fc6da228-45eb-4a6e-aa68-d6ec477bec34","47f50ec7-2a76-44a7-bce6-b7895e0e8ca7","561eac20-aae8-4774-91be-f5693346c253"],"settings":{"enable_sticky_add_to_cart":true,"show_taxes_included":true,"thumbnail_position":"left","media_aspect_ratio":"adapt","display_captions":true,"hide_variants":false,"lightbox":true,"enable_video_looping":false}},"16623877721f33fb14":{"type":"spacer","settings":{"spacer_mobile":35,"spacer_desktop":90,"border_separator":false,"border_separator_full":false}},"f056bdbe-a7aa-48c3-8860-b5aeb2dc2c0c":{"type":"background-video","settings":{"desktop_height":"desktop-height-550","mobile_height":"mobile-height-400","full_width":true,"video_controls":false,"video":"https:\/\/www.youtube.com\/watch?v=_9VUPq3SxOc","fallback_image":"","overlay_color":"#000000","overlay_opacity":0,"disable_top_spacing":true,"disable_bottom_spacing":true}},"12774e34-da7b-4dcc-81d6-329403b72243":{"type":"spacer","settings":{"spacer_mobile":20,"spacer_desktop":40,"border_separator":false,"border_separator_full":false}},"abf174a0-7765-41a8-b92f-1661b1668890":{"type":"rich-text","blocks":{"92e8a9be-b210-4340-a452-fedc85efba64":{"type":"heading","settings":{"text":"Everything For Your Pets |Under One Woof|","marker_style":"style1","size":"h2","marker_color":"#fd6262"}},"template--18200361730342__abf174a0-7765-41a8-b92f-1661b1668890-167929382101b7e6ee-2":{"type":"text","settings":{"text":"<p>One important aspect of pet care is nutrition. Feeding your pet a balanced and nutritious diet is key to keeping them healthy and energetic. Depending on the type of pet you have, their nutritional needs may vary. For example, cats are obligate carnivores and require a diet high in protein, while rabbits need a diet high in fiber. It's important to do your research and talk to your veterinarian to ensure you're feeding your pet the right type and amount of food. <\/p><p>Another important aspect of pet care is exercise. Just like humans, pets need regular physical activity to maintain a healthy weight and prevent boredom. <\/p>","size":"text-size-large"}}},"block_order":["92e8a9be-b210-4340-a452-fedc85efba64","template--18200361730342__abf174a0-7765-41a8-b92f-1661b1668890-167929382101b7e6ee-2"],"settings":{"text_width":"large","text_position":"center","text_alignment":"left","color_bg":"rgba(0,0,0,0)","color_heading":"#5c4295","color_text":"#5c4295","color_links":"#2c2d2e","disable_top_spacing":false,"disable_bottom_spacing":false}},"dc9e1f13-5f4c-4c0a-8351-c587888ff17d":{"type":"gallery","blocks":{"template--18200361730342__dc9e1f13-5f4c-4c0a-8351-c587888ff17d-1679294066ceda7377-0":{"type":"image","settings":{"image":"","enable_gallery_video":false,"enable_hover_play":false,"subheading":"","title":"","marker_style":"style1","text":"","link_label":"","link":"","use_text_button":false,"block_link":"","marker_color":"#fd6262"}},"template--18200361730342__dc9e1f13-5f4c-4c0a-8351-c587888ff17d-1679294066ceda7377-1":{"type":"image","settings":{"image":"","enable_gallery_video":false,"enable_hover_play":false,"subheading":"","title":"","marker_style":"style1","text":"","link_label":"","link":"","use_text_button":false,"block_link":"","marker_color":"#fd6262"}}},"block_order":["template--18200361730342__dc9e1f13-5f4c-4c0a-8351-c587888ff17d-1679294066ceda7377-0","template--18200361730342__dc9e1f13-5f4c-4c0a-8351-c587888ff17d-1679294066ceda7377-1"],"settings":{"columns_desktop":2,"full_width":true,"mobile_swipe":false,"image_ratio":"adapt","content_position":"bottom-left","text_alignment":"left","column_spacing":"small","heading_size":"h2","description_size":"medium","overlay_color":"#000000","overlay_opacity":0,"disable_top_spacing":true,"disable_bottom_spacing":false}},"05299ebf-d70c-4cc5-adec-b3b4236cfc13":{"type":"scrolling-content","blocks":{"template--18200361730342__05299ebf-d70c-4cc5-adec-b3b4236cfc13-1679297478751ca1f2-0":{"type":"section","settings":{"image":"","badge":"Pet Care","subheading":"","heading":"Coz |We Care For Your Pets| Just Like You Do, If Not More!","marker_style":"style3","heading_size":"large","content":"<p>Grooming is also an important part of pet care. Regular brushing and bathing can help keep your pet's coat healthy and free of tangles and mats. Additionally, trimming your pet's nails can prevent them from becoming overgrown and causing discomfort or even injury.<\/p>","description_size":"medium","button_text":"Learn more","button_link":"","marker_color":"#fd6262","color_bg_badge":"#ffedec","color_badge":"#eb4f45"}},"template--18200361730342__05299ebf-d70c-4cc5-adec-b3b4236cfc13-1679297478751ca1f2-1":{"type":"section","settings":{"image":"","badge":"Quality Products","subheading":"","heading":"Tails Wagging And Your Pets Bragging About |Our Products|","marker_style":"style2","heading_size":"large","content":"<p>Just like humans, pets need regular physical activity to maintain a healthy weight and prevent boredom. Dogs need daily walks or runs, while cats may prefer to play with toys or climb a cat tree. Even smaller pets like rabbits and guinea pigs need space to move around and play.<\/p>","description_size":"medium","button_text":"Shop Now","button_link":"","marker_color":"#fd6262","color_bg_badge":"#ecfff6","color_badge":"#478b60"}},"template--18200361730342__05299ebf-d70c-4cc5-adec-b3b4236cfc13-1679297478751ca1f2-2":{"type":"section","settings":{"image":"","badge":"Treats","subheading":"","heading":"Let Your Pet Decide Their Treats From The |Variety Of Treats| That We Have","marker_style":"style1","heading_size":"large","content":"<p>Depending on the type of pet you have, their nutritional needs may vary. For example, cats are obligate carnivores and require a diet high in protein, while rabbits need a diet high in fiber. It's important to do your research and talk to your veterinarian to ensure you're feeding your pet the right type and amount of food.<\/p>","description_size":"medium","button_text":"Our Story","button_link":"","marker_color":"#eb4f45","color_bg_badge":"#ecf2ff","color_badge":"#315c74"}}},"block_order":["template--18200361730342__05299ebf-d70c-4cc5-adec-b3b4236cfc13-1679297478751ca1f2-0","template--18200361730342__05299ebf-d70c-4cc5-adec-b3b4236cfc13-1679297478751ca1f2-1","template--18200361730342__05299ebf-d70c-4cc5-adec-b3b4236cfc13-1679297478751ca1f2-2"],"settings":{"desktop_layout":"text_first","mobile_swipe":true,"dots":true,"color_bg":"rgba(0,0,0,0)","color_heading":"#5c4295","color_text":"#444249","color_links":"#eb4f45","disable_top_spacing":false,"disable_bottom_spacing":false}},"cc2cfb81-dede-496a-8f73-00ebce7ba148":{"type":"scrolling-text","blocks":{"template--18200361730342__cc2cfb81-dede-496a-8f73-00ebce7ba148-167930031966a7e498-0":{"type":"text","settings":{"image":"","text":"We Need You, Woof, Woof","link":"","outline_text":false}},"template--18200361730342__cc2cfb81-dede-496a-8f73-00ebce7ba148-167930031966a7e498-1":{"type":"text","settings":{"image":"","text":"Lovable Dogs For You","link":"","outline_text":false}},"template--18200361730342__cc2cfb81-dede-496a-8f73-00ebce7ba148-167930031966a7e498-2":{"type":"text","settings":{"image":"","text":"Treat Them Best Is Your Duty","link":"","outline_text":false}}},"block_order":["template--18200361730342__cc2cfb81-dede-496a-8f73-00ebce7ba148-167930031966a7e498-0","template--18200361730342__cc2cfb81-dede-496a-8f73-00ebce7ba148-167930031966a7e498-1","template--18200361730342__cc2cfb81-dede-496a-8f73-00ebce7ba148-167930031966a7e498-2"],"settings":{"height":"height-auto","full_width":false,"direction":"left","speed":"50s","rotation":0,"negative_rotation":false,"font_family":"body","text_size":40,"text_uppercase":false,"image_size":"small","color_bg":"#f9f0ef","color_text":"#eb4f45","overlay_color":"#000000","overlay_opacity":0,"disable_top_spacing":true,"disable_bottom_spacing":true}},"c2bd6164-45a0-44c5-adda-efc50cb02870":{"type":"image-with-text-slideshow","blocks":{"template--18200361730342__c2bd6164-45a0-44c5-adda-efc50cb02870-167930064419ae1a06-0":{"type":"slide","settings":{"image":"","subheading":"BEST CHOICE","heading":"Love Them Enough, Give Them The Best","heading_size":"h2","content":"Whether you're a new pet owner or a seasoned pro, there's always something new to learn about how to keep your furry friend happy and healthy.","button_text":"Shop Now","button_link":"","color_bg":"#efebf7","color_text":"#5c4295","color_button":"#eb4f45"}},"template--18200361730342__c2bd6164-45a0-44c5-adda-efc50cb02870-167930064419ae1a06-1":{"type":"slide","settings":{"image":"","subheading":"Premium care","heading":"Get an Experienced Care for Your Pet","heading_size":"h2","content":"Your veterinarian can perform routine exams and screenings, administer vaccines, and provide advice on how to keep your pet healthy and happy.","button_text":"Shop Now","button_link":"","color_bg":"#ebf7ef","color_text":"#37765d","color_button":"#ec9767"}},"template--18200361730342__c2bd6164-45a0-44c5-adda-efc50cb02870-167930064419ae1a06-2":{"type":"slide","settings":{"image":"","subheading":"A paradise","heading":"Where Do The Pets Want To Come Again","heading_size":"h2","content":"Are you going to talk about a specific type of pet, or a certain aspect of pet care? Some possible topics include choosing the right pet for your lifestyle, training tips.","button_text":"Our Story","button_link":"","color_bg":"#e7f2fa","color_text":"#3a5f84","color_button":"#ab6283"}}},"block_order":["template--18200361730342__c2bd6164-45a0-44c5-adda-efc50cb02870-167930064419ae1a06-0","template--18200361730342__c2bd6164-45a0-44c5-adda-efc50cb02870-167930064419ae1a06-1","template--18200361730342__c2bd6164-45a0-44c5-adda-efc50cb02870-167930064419ae1a06-2"],"settings":{"mobile_height":"mobile-height-350","desktop_height":"desktop-height-550","desktop_image_width":"medium","layout":"image_first","content_position":"text-center","autoplay":true,"autoplay_length":5,"disable_top_spacing":false,"disable_bottom_spacing":false}},"16625458859c68803a":{"type":"apps","settings":{}},"1662552569cce2536d":{"type":"spacer","settings":{"spacer_mobile":60,"spacer_desktop":80,"border_separator":true,"border_separator_full":true}},"product-recommendations":{"type":"product-recommendations","settings":{"heading":"You may also like","description":"<p>Combine your style with these products<\/p>","mobile_swipe":true,"product_limit":4,"columns_desktop":4,"disable_top_spacing":true,"disable_bottom_spacing":false}}},"order":["breadcrumbs","main-product","16623877721f33fb14","f056bdbe-a7aa-48c3-8860-b5aeb2dc2c0c","12774e34-da7b-4dcc-81d6-329403b72243","abf174a0-7765-41a8-b92f-1661b1668890","dc9e1f13-5f4c-4c0a-8351-c587888ff17d","05299ebf-d70c-4cc5-adec-b3b4236cfc13","cc2cfb81-dede-496a-8f73-00ebce7ba148","c2bd6164-45a0-44c5-adda-efc50cb02870","16625458859c68803a","1662552569cce2536d","product-recommendations"]}