{"sections":{"breadcrumbs":{"type":"breadcrumbs","settings":{}},"main-product":{"type":"main-product","blocks":{"2b609eea-6cce-4efe-b447-c5560de1d797":{"type":"label","settings":{}},"e431a79e-9c7b-4a53-a79a-0cb918617ecf":{"type":"text","settings":{"text":"{{ product.vendor }}","text_style":"style_vendor"}},"title":{"type":"title","settings":{"show_products_rating":true}},"181fd8fb-e5c6-498b-87e5-f180077fd9c1":{"type":"separator","settings":{}},"variant_picker":{"type":"variant_picker","settings":{"picker_type":"button","color_picker":true,"variant_is_disabled":true,"sizing_guide_variant":"Size","sizing_guide_text":"","sizing_guide_icon":"none","sizing_guide_page":""}},"quantity":{"type":"quantity","settings":{}},"buy_buttons":{"type":"buy_buttons","settings":{"show_dynamic_checkout":true,"show_gift_card_recipient":false}},"0b3e272b-c86a-4dba-946c-c6912251371c":{"type":"description","settings":{}},"386f7e4a-6127-4141-928b-9cb4614ee18c":{"type":"collapsible_tab","settings":{"heading":"Shipping & Returns","open":false,"content":"<p>Row content<\/p>","page":""}},"d56924f2-0137-4e3b-8c33-49b1f28391c6":{"type":"collapsible_tab","settings":{"heading":"Compatibility","open":false,"content":"<p>Row content<\/p>","page":""}},"4fd23485-293f-46a0-8a4c-34d0e25ea41b":{"type":"share","settings":{}},"fc6da228-45eb-4a6e-aa68-d6ec477bec34":{"type":"complementary","settings":{"block_heading":"Pairs well with","product_list_limit":6}}},"block_order":["2b609eea-6cce-4efe-b447-c5560de1d797","e431a79e-9c7b-4a53-a79a-0cb918617ecf","title","181fd8fb-e5c6-498b-87e5-f180077fd9c1","variant_picker","quantity","buy_buttons","0b3e272b-c86a-4dba-946c-c6912251371c","386f7e4a-6127-4141-928b-9cb4614ee18c","d56924f2-0137-4e3b-8c33-49b1f28391c6","4fd23485-293f-46a0-8a4c-34d0e25ea41b","fc6da228-45eb-4a6e-aa68-d6ec477bec34"],"settings":{"enable_sticky_add_to_cart":true,"show_taxes_included":true,"thumbnail_position":"bottom","media_aspect_ratio":"adapt","display_captions":true,"hide_variants":false,"lightbox":true,"enable_video_looping":false}},"1662552569cce2536d":{"type":"spacer","settings":{"spacer_mobile":25,"spacer_desktop":60,"border_separator":false,"border_separator_full":false}},"16623743398765981b":{"type":"rich-text","blocks":{"52e305ba-1967-429d-92ae-b21aca508a76":{"type":"badge","settings":{"text":"Using most of the modern features","color_bg":"#393942","color_text":"#ffffff"}},"1662374339c00286b1-1":{"type":"heading","settings":{"text":"The Polygon offers you the perfect first ride to get out of the city and |into the wilderness|.","marker_style":"style2","size":"h2","marker_color":"#f8fd62"}}},"block_order":["52e305ba-1967-429d-92ae-b21aca508a76","1662374339c00286b1-1"],"settings":{"text_width":"xlarge","text_position":"left","text_alignment":"left","color_bg":"rgba(0,0,0,0)","color_heading":"linear-gradient(312deg, rgba(136, 127, 239, 1), rgba(114, 255, 179, 1) 100%)","color_text":"#303c43","color_links":"#151515","disable_top_spacing":true,"disable_bottom_spacing":true}},"91855745-3563-4140-86a2-99ce1c65de39":{"type":"spacer","settings":{"spacer_mobile":15,"spacer_desktop":30,"border_separator":false,"border_separator_full":false}},"3a444c86-680e-4deb-b870-63aec684439f":{"type":"media-grid","blocks":{"template--17918041391386__3a444c86-680e-4deb-b870-63aec684439f-16768955574efec445-0":{"type":"media","settings":{"image":"","slide_link":"#","use_video":false,"video_autoplay":true,"column":2,"row":2,"subheading":"","heading":"We Make Bikes That Are Simple,<br>Durable And Clean","heading_size":"h4","button_text":"","button_link":"","content_position":"top-left","text_alignment":"left","color_bg":"#303c43","color_bg_gradient":"","color_text":"#ffffff","color_link":"#ffffff","overlay_color":"#000000","overlay_opacity":0}},"be3475bb-ce84-46ee-8307-0a1fbfe196b6":{"type":"media","settings":{"slide_link":"#","use_video":true,"video_autoplay":true,"column":2,"row":1,"subheading":"","heading":"Components For Charging","heading_size":"h4","button_text":"","button_link":"","content_position":"middle-center","text_alignment":"center","color_bg":"#ffffff","color_bg_gradient":"","color_text":"#ffffff","color_link":"#3f72e5","overlay_color":"#000000","overlay_opacity":0}},"2041f835-e290-454a-9af5-ea64ba1209d4":{"type":"media","settings":{"image":"","slide_link":"#","use_video":false,"video_autoplay":true,"column":2,"row":1,"subheading":"","heading":"Built To Climb","heading_size":"h4","button_text":"","button_link":"","content_position":"middle-center","text_alignment":"center","color_bg":"#292930","color_bg_gradient":"","color_text":"#ffffff","color_link":"#3f72e5","overlay_color":"#000000","overlay_opacity":0}}},"block_order":["template--17918041391386__3a444c86-680e-4deb-b870-63aec684439f-16768955574efec445-0","be3475bb-ce84-46ee-8307-0a1fbfe196b6","2041f835-e290-454a-9af5-ea64ba1209d4"],"settings":{"desktop_height":250,"mobile_height":160,"column_spacing":"medium","color_bg":"#ffffff","color_text":"#2c2d2e","color_link":"#3f72e5","disable_top_spacing":true,"disable_bottom_spacing":true}},"512cd522-f9c3-49c4-9312-36e48fffddb2":{"type":"image-hotspots","blocks":{"template--19142479642936__512cd522-f9c3-49c4-9312-36e48fffddb2-1685012712016d2369-0":{"type":"hotspot","settings":{"heading":"Front Suspension","description":"Electric friendship fueled by adventure! We connected with a longtime supporter and filmmaker Ben Moon and his.","x_position":29,"y_position":49,"x_position_mobile":24,"y_position_mobile":40}},"template--19142479642936__512cd522-f9c3-49c4-9312-36e48fffddb2-1685012712016d2369-1":{"type":"hotspot","settings":{"heading":"Comfort Technology","description":"Tires with a smoother tread or slicks generally offer lower rolling resistance, resulting in a more efficient ride.","x_position":72,"y_position":40,"x_position_mobile":68,"y_position_mobile":37}},"6ec59d7a-d80e-40dd-bbf6-b12668bb1101":{"type":"hotspot","settings":{"heading":"Transmission","description":"The front derailleur is responsible for shifting the chain between the different front chainrings.","x_position":48,"y_position":32,"x_position_mobile":45,"y_position_mobile":26}}},"block_order":["template--19142479642936__512cd522-f9c3-49c4-9312-36e48fffddb2-1685012712016d2369-0","template--19142479642936__512cd522-f9c3-49c4-9312-36e48fffddb2-1685012712016d2369-1","6ec59d7a-d80e-40dd-bbf6-b12668bb1101"],"settings":{"image":"","heading":"|Keep Up| With The Pace","marker_style":"style1","heading_size":"h2","description":"<p>An electric friendship fueled by adventure! We connected with a longtime supporter and filmmaker Ben Moon and his.<\/p>","badge_text":"","image_position":"text_first","marker_color":"#fd6262","color_bg_badge":"#3f72e5","color_badge":"#ffffff","disable_top_spacing":false,"disable_bottom_spacing":false}},"4846d02f-cac7-4bec-8160-3631a6818803":{"type":"single-image","settings":{"image":"","image_mobile":"","full_width":true,"disable_top_spacing":true,"disable_bottom_spacing":true}},"c7971dc6-8c1a-4865-8aa8-476e31fbcb1e":{"type":"spacer","settings":{"spacer_mobile":25,"spacer_desktop":35,"border_separator":false,"border_separator_full":false}},"981697df-d278-4b7c-a1ad-59498496ebe8":{"type":"media-with-tabs","blocks":{"87eeef85-d6b5-4f95-8ece-628091cfb579":{"type":"badge","settings":{"text":"Badge heading","color_bg":"#393942","color_text":"#ffffff"}},"template--19142479642936__981697df-d278-4b7c-a1ad-59498496ebe8-16843825767c007719-1":{"type":"heading","settings":{"text":"Downshift into adventure","heading_size":"h3"}},"template--19142479642936__981697df-d278-4b7c-a1ad-59498496ebe8-16843825767c007719-2":{"type":"text","settings":{"text":"<p>We make bikes for every body shape – no matter how big or small your thighs might be.<\/p>"}},"template--19142479642936__981697df-d278-4b7c-a1ad-59498496ebe8-16843825767c007719-3":{"type":"tab","settings":{"image":"","use_video":false,"heading_icon":"none","heading":"Chain Breaker Tool","description":"The fine thread and comfortable size enable easy removal of even the toughest chain pins.","video_autoplay":true}},"template--19142479642936__981697df-d278-4b7c-a1ad-59498496ebe8-16843825767c007719-4":{"type":"tab","settings":{"use_video":true,"heading_icon":"none","heading":"Rim Tapes","description":"Add a short description for this tab","video_autoplay":true}},"template--19142479642936__981697df-d278-4b7c-a1ad-59498496ebe8-16843825767c007719-5":{"type":"tab","settings":{"image":"","use_video":false,"heading_icon":"none","heading":"Rechargable Lights","description":"Add a short description for this tab","video_autoplay":true}}},"block_order":["87eeef85-d6b5-4f95-8ece-628091cfb579","template--19142479642936__981697df-d278-4b7c-a1ad-59498496ebe8-16843825767c007719-1","template--19142479642936__981697df-d278-4b7c-a1ad-59498496ebe8-16843825767c007719-2","template--19142479642936__981697df-d278-4b7c-a1ad-59498496ebe8-16843825767c007719-3","template--19142479642936__981697df-d278-4b7c-a1ad-59498496ebe8-16843825767c007719-4","template--19142479642936__981697df-d278-4b7c-a1ad-59498496ebe8-16843825767c007719-5"],"settings":{"desktop_height":"desktop-height-550","mobile_height":"mobile-height-400","height":"adapt","desktop_layout":"text_first","color_bg":"#222227","color_text":"#ffffff","color_link":"#ffffff","color_border":"#474750","disable_top_spacing":true,"disable_bottom_spacing":false}},"d34f13ec-d4de-449d-855c-5c98d3db4869":{"type":"multicolumn","blocks":{"template--19142479642936__d34f13ec-d4de-449d-855c-5c98d3db4869-1684384221d84aa2a8-0":{"type":"column","settings":{"image":"","image_full_width":false,"image_link":"","title":"⓵  Reflective Strips","text":"<p>Research your appliances and language capabilities to be sure the voice assistant you choose works with your household’s needs.<\/p>","link_label":"","link":""}},"template--19142479642936__d34f13ec-d4de-449d-855c-5c98d3db4869-1684384221d84aa2a8-1":{"type":"column","settings":{"image":"","image_full_width":false,"image_link":"","title":"⓶  Wireless Lights","text":"<p>Every contact point has been refined to ensure every woman gets the most comfortable ride as possible. A wider saddle, shorter handle bars.<\/p>","link_label":"","link":""}},"template--19142479642936__d34f13ec-d4de-449d-855c-5c98d3db4869-1684384221d84aa2a8-2":{"type":"column","settings":{"image":"","image_full_width":false,"image_link":"","title":"⓷  Hydraulic Brakes","text":"<p>Power CX 7 disc brakes offer consistent power in all conditions and will keep you in control no matter what is happen.<\/p>","link_label":"","link":""}}},"block_order":["template--19142479642936__d34f13ec-d4de-449d-855c-5c98d3db4869-1684384221d84aa2a8-0","template--19142479642936__d34f13ec-d4de-449d-855c-5c98d3db4869-1684384221d84aa2a8-1","template--19142479642936__d34f13ec-d4de-449d-855c-5c98d3db4869-1684384221d84aa2a8-2"],"settings":{"heading":"","marker_style":"style1","description":"","columns_desktop":3,"mobile_swipe":true,"image_ratio":"adapt","text_alignment":"left","heading_size":"h5","color_heading":"#ffffff","marker_color":"#fd6262","color_text":"#eaeaea","color_links":"#2c2d2e","disable_top_spacing":true,"disable_bottom_spacing":false}},"1e062a39-fed2-4480-84b2-93c51a7fc196":{"type":"spacer","settings":{"spacer_mobile":0,"spacer_desktop":0,"border_separator":true,"border_separator_full":false}},"1663667029efc274af":{"type":"collapsible-content","blocks":{"cd3d35fb-4237-4e0c-b360-523aae405e51":{"type":"collapsible_tab","settings":{"heading":"What happens if what I ordered is out of stock?","open":false,"content":"<p>We do everything we can to fulfill orders quickly and unfortunately cannot make updates after an order has been placed. These changes include removing or adding products and\/or changing the delivery address.<\/p>","page":""}},"5586f39f-c9cc-41a5-9c79-494141a820e1":{"type":"collapsible_tab","settings":{"heading":"Do you have discount codes?","open":false,"content":"<p>We will deliver products to you as soon as reasonably possible. Orders are usually dispatched between 1-3 days from the date of the order being placed.<\/p>","page":""}},"6ca4af54-3f47-4d4d-9060-0ff238ab6d1a":{"type":"collapsible_tab","settings":{"heading":"Do I really need to wear a helmet when cycling?","open":false,"content":"<p>Helmets are extremely important when riding and should always be worn during cycling. They protect your head from any injuries and studies have shown that helmets significantly reduce the risk of head injuries.<\/p>","page":""}},"78977bda-88c1-4c5d-a57b-395a8e01f169":{"type":"collapsible_tab","settings":{"heading":"Do I really need bike-specific clothing?","open":false,"content":"<p>Cycling shoes are also a great investment for serious cycling as they provide support and grip on your pedals which is especially great for long distance cycling as it will contribute to keeping up a fast pace .<\/p>","page":""}},"6e96805a-0713-4c8f-98b5-f7f2996582ee":{"type":"collapsible_tab","settings":{"heading":"Do I have to take cycling seriously?","open":false,"content":"<p>Cycling is for everyone, no matter your fitness level. You can ride at your own pace, at your own distance whether you’re commuting to work or just simply riding to the shops.<\/p>","page":""}}},"block_order":["cd3d35fb-4237-4e0c-b360-523aae405e51","5586f39f-c9cc-41a5-9c79-494141a820e1","6ca4af54-3f47-4d4d-9060-0ff238ab6d1a","78977bda-88c1-4c5d-a57b-395a8e01f169","6e96805a-0713-4c8f-98b5-f7f2996582ee"],"settings":{"heading":"Frequently Asked QuestionsAbout Product","marker_style":"style1","description":"<p>Please read our <a href=\"#\" title=\"#\">frequently asked questions<\/a> to find out more.<\/p>","color_bg":"#222227","color_heading":"#ffffff","marker_color":"#fd6262","color_text":"#eaeaea","color_links":"#8869fc","color_border":"#36363c","disable_top_spacing":false,"disable_bottom_spacing":true}},"a2c7b5e2-665e-49d1-bd86-15d9bc660aaf":{"type":"background-video","settings":{"desktop_height":"desktop-height-450","mobile_height":"mobile-height-400","full_width":false,"video_controls":true,"video":"https:\/\/www.youtube.com\/watch?v=_9VUPq3SxOc","overlay_color":"#000000","overlay_opacity":15,"disable_top_spacing":false,"disable_bottom_spacing":false}},"16625458859c68803a":{"type":"apps","settings":{}},"product-recommendations":{"type":"product-recommendations","settings":{"heading":"You may also like","description":"<p>Combine your style with these products<\/p>","mobile_swipe":true,"product_limit":4,"columns_desktop":4,"disable_top_spacing":true,"disable_bottom_spacing":true}}},"order":["breadcrumbs","main-product","1662552569cce2536d","16623743398765981b","91855745-3563-4140-86a2-99ce1c65de39","3a444c86-680e-4deb-b870-63aec684439f","512cd522-f9c3-49c4-9312-36e48fffddb2","4846d02f-cac7-4bec-8160-3631a6818803","c7971dc6-8c1a-4865-8aa8-476e31fbcb1e","981697df-d278-4b7c-a1ad-59498496ebe8","d34f13ec-d4de-449d-855c-5c98d3db4869","1e062a39-fed2-4480-84b2-93c51a7fc196","1663667029efc274af","a2c7b5e2-665e-49d1-bd86-15d9bc660aaf","16625458859c68803a","product-recommendations"]}