{"type":"header","name":"Header group","sections":{"announcement-bar":{"type":"announcement-bar","blocks":{"955bb93b-7a65-4933-8023-83a64ee46bc2":{"type":"text","settings":{"icon":"none","text":"Add campaign text here.","link":"","color_bg":"#3F72E5","color_text":"#FFFFFF"}},"acca6658-bd49-4cc7-be9a-c02394ef4917":{"type":"text","settings":{"icon":"none","text":"Add campaign text here.","link":"","color_bg":"#3F72E5","color_text":"#FFFFFF"}},"888fc484-50e5-4566-bad6-41e835d00d5f":{"type":"text","settings":{"icon":"none","text":"Add campaign text here.","link":"","color_bg":"#3F72E5","color_text":"#FFFFFF"}}},"block_order":["955bb93b-7a65-4933-8023-83a64ee46bc2","acca6658-bd49-4cc7-be9a-c02394ef4917","888fc484-50e5-4566-bad6-41e835d00d5f"],"settings":{"announcement_bar":true,"announcement_bar_homepage_only":false,"announcement_bar_layout":"carousel","direction":"left","speed":"20s","use_block_colors":false,"autoplay":true,"autoplay_length":5}},"header-secondary-menu":{"type":"header-secondary-menu","settings":{"secondary_menu":"secondary","show_language_switcher":false,"show_currency_switcher":true,"show_social_media":true}},"header":{"type":"header","settings":{"sticky_header":true,"logo_height_range":26,"logo_height_range_mobile":26,"style":"style5","header_shadow":"header--shadow-small","menu":"main-menu","transparent_header":false,"mobile_secondary_menu":""}},"header-mobile-navigation":{"type":"header-mobile-navigation","settings":{"mobile_nav":"main-menu","color_links":"#d6d8d9","color_bg":"#787c80"}}},"order":["announcement-bar","header-secondary-menu","header","header-mobile-navigation"]}